-- phpMyAdmin SQL Dump
-- version 4.9.2
-- https://www.phpmyadmin.net/
--
-- Host: 127.0.0.1
-- Generation Time: Aug 21, 2020 at 03:07 PM
-- Server version: 10.4.11-MariaDB
-- PHP Version: 7.4.1

SET SQL_MODE = "NO_AUTO_VALUE_ON_ZERO";
SET AUTOCOMMIT = 0;
START TRANSACTION;
SET time_zone = "+00:00";


/*!40101 SET @OLD_CHARACTER_SET_CLIENT=@@CHARACTER_SET_CLIENT */;
/*!40101 SET @OLD_CHARACTER_SET_RESULTS=@@CHARACTER_SET_RESULTS */;
/*!40101 SET @OLD_COLLATION_CONNECTION=@@COLLATION_CONNECTION */;
/*!40101 SET NAMES utf8mb4 */;

--
-- Database: `ride_share`
--

-- --------------------------------------------------------

--
-- Table structure for table `drivers`
--

CREATE TABLE `drivers` (
  `mobile_no` varchar(15) CHARACTER SET utf8 COLLATE utf8_bin NOT NULL,
  `licence_no` varchar(30) CHARACTER SET utf8 COLLATE utf8_bin DEFAULT NULL,
  `latitude` float(10,5) DEFAULT NULL,
  `longitude` float(10,5) DEFAULT NULL,
  `status` varchar(10) CHARACTER SET utf8 COLLATE utf8_bin DEFAULT NULL
) ENGINE=InnoDB DEFAULT CHARSET=latin1;

--
-- Dumping data for table `drivers`
--

INSERT INTO `drivers` (`mobile_no`, `licence_no`, `latitude`, `longitude`, `status`) VALUES
('000000000000', '12', NULL, NULL, NULL),
('03004056325', '786', 12.54640, 15.44640, 'Online'),
('03005489652', 'A051351', 41.25890, 29.42440, 'Online'),
('03017350429', 'rt45y6', NULL, NULL, NULL),
('03151222145', '969698A', 19.25647, 546.65979, 'Online'),
('03214580500', 'tqyayyq', NULL, NULL, NULL),
('03335044555', 'yolo', 255.25800, 926.42438, 'Online'),
('03335047774', 'lol52', 290.25800, 255.42439, 'Online'),
('03350477447', 'Aadada53502163', 31.46060, 74.24380, 'Online'),
('0484641652', 'A048641', 98.25890, 0.42440, 'Offline'),
('0900785460152', 'bhai0156', 290.25800, 255.42439, 'Online'),
('090078601', 'Ag6684', 25.25890, 1.42440, 'Online'),
('123123123123', '124l', NULL, NULL, NULL),
('1245164646741', '5t', NULL, NULL, NULL),
('12846467431', 't5', NULL, NULL, NULL),
('186462184634', '1561511', NULL, NULL, NULL),
('186541000000', '123rt', NULL, NULL, NULL),
('212356285453', 'tt', NULL, NULL, NULL),
('23164546644', '5t', NULL, NULL, NULL),
('236363632336', '5t', NULL, NULL, NULL),
('25252525252525', '5t5t', NULL, NULL, NULL),
('25253636152', '123t1', NULL, NULL, NULL),
('255856545668', 'ryy6', NULL, NULL, NULL),
('46484815485', '1234t', NULL, NULL, NULL),
('5436764376544', 't5', NULL, NULL, NULL),
('546167864647', 'qt1y', NULL, NULL, NULL),
('546455464554', 't5', NULL, NULL, NULL),
('546676467817', '5t', NULL, NULL, NULL),
('56585885658', '5t', NULL, NULL, NULL),
('816766457546', '123t2', NULL, NULL, NULL),
('846466637114', '123ert', NULL, NULL, NULL),
('846548744864', '5t', NULL, NULL, NULL),
('846676167147', 'tqyy1', NULL, NULL, NULL),
('865532563555', '5t', NULL, NULL, NULL),
('8662445358863', 'dr3', NULL, NULL, NULL),
('8665565862544', 't5', NULL, NULL, NULL);

-- --------------------------------------------------------

--
-- Table structure for table `inter_city_rides`
--

CREATE TABLE `inter_city_rides` (
  `sr_no` int(11) NOT NULL,
  `mobile_no` varchar(30) CHARACTER SET utf8 COLLATE utf8_bin NOT NULL,
  `source` varchar(30) CHARACTER SET utf8 COLLATE utf8_bin NOT NULL,
  `destination` varchar(30) CHARACTER SET utf8 COLLATE utf8_bin NOT NULL,
  `car_type` varchar(50) CHARACTER SET utf8 COLLATE utf8_bin NOT NULL,
  `car_number` varchar(15) CHARACTER SET utf8 COLLATE utf8_bin NOT NULL,
  `seats_capacity` varchar(12) CHARACTER SET utf16 COLLATE utf16_bin NOT NULL,
  `roles` varchar(15) CHARACTER SET utf8 COLLATE utf8_bin NOT NULL,
  `date` varchar(10) NOT NULL,
  `time` varchar(10) NOT NULL,
  `status` varchar(15) CHARACTER SET utf8 COLLATE utf8_bin NOT NULL
) ENGINE=InnoDB DEFAULT CHARSET=utf8mb4;

--
-- Dumping data for table `inter_city_rides`
--

INSERT INTO `inter_city_rides` (`sr_no`, `mobile_no`, `source`, `destination`, `car_type`, `car_number`, `seats_capacity`, `roles`, `date`, `time`, `status`) VALUES
(1, '123123123123', 'lhr', 'isl', 'gli', '0000', '8', 'driver', '12/12/12', '12:12', 'inProgress');

-- --------------------------------------------------------

--
-- Table structure for table `locations`
--

CREATE TABLE `locations` (
  `Address` varchar(70) COLLATE utf8_bin DEFAULT NULL,
  `Title` varchar(30) COLLATE utf8_bin DEFAULT NULL,
  `City` varchar(30) COLLATE utf8_bin DEFAULT NULL,
  `Category` varchar(30) COLLATE utf8_bin DEFAULT NULL,
  `Longitude` float(10,7) DEFAULT NULL,
  `Latitude` float(10,7) DEFAULT NULL
) ENGINE=InnoDB DEFAULT CHARSET=utf8 COLLATE=utf8_bin;

--
-- Dumping data for table `locations`
--

INSERT INTO `locations` (`Address`, `Title`, `City`, `Category`, `Longitude`, `Latitude`) VALUES
('1-Km Raiwind Road, Lahore, Punjab, Pakistan 46000', 'University', 'Lahore', 'University', 31.3907452, 74.2388000),
('C-II Johar Town, Lahore, Punjab', 'University Of Management &Tech', 'Lahore', 'University', 31.5084057, 0.0000000);

-- --------------------------------------------------------

--
-- Table structure for table `organizations`
--

CREATE TABLE `organizations` (
  `name` varchar(30) CHARACTER SET utf8 COLLATE utf8_bin DEFAULT NULL,
  `address` varchar(70) CHARACTER SET utf8 COLLATE utf8_bin DEFAULT NULL,
  `group_code` varchar(20) CHARACTER SET utf8 COLLATE utf8_bin NOT NULL,
  `longitude` float(10,7) DEFAULT NULL,
  `latitude` float(10,7) DEFAULT NULL,
  `ml` varchar(30) CHARACTER SET utf8 COLLATE utf8_bin DEFAULT NULL
) ENGINE=InnoDB DEFAULT CHARSET=latin1;

--
-- Dumping data for table `organizations`
--

INSERT INTO `organizations` (`name`, `address`, `group_code`, `longitude`, `latitude`, `ml`) VALUES
('PUCIT', 'Mall Road', '123123', 120.5449982, 11.4535398, 'dont know'),
('tricon', 'thokar', '212212', 98.0090027, 12.0000000, 'dontknow'),
('Uol', 'Raiwand road', '44558', 120.5479965, 254.5167999, 'dont know');

-- --------------------------------------------------------

--
-- Table structure for table `rides`
--

CREATE TABLE `rides` (
  `sr_no` bigint(20) NOT NULL,
  `driver_mobile_no` varchar(15) CHARACTER SET utf8 COLLATE utf8_bin NOT NULL,
  `ride_start_lat` float(10,5) NOT NULL,
  `ride_start_long` float(10,5) NOT NULL,
  `ride_end_lat` float(10,5) NOT NULL,
  `ride_end_long` float(10,5) NOT NULL,
  `ride_type` varchar(15) CHARACTER SET utf8 COLLATE utf8_bin NOT NULL,
  `start_date` date NOT NULL,
  `start_time` time NOT NULL,
  `end_date` date DEFAULT NULL,
  `end_time` time DEFAULT NULL,
  `ride_status` varchar(15) CHARACTER SET utf8 COLLATE utf8_bin NOT NULL,
  `comment` varchar(60) CHARACTER SET utf8 COLLATE utf8_bin DEFAULT NULL
) ENGINE=InnoDB DEFAULT CHARSET=latin1;

--
-- Dumping data for table `rides`
--

INSERT INTO `rides` (`sr_no`, `driver_mobile_no`, `ride_start_lat`, `ride_start_long`, `ride_end_lat`, `ride_end_long`, `ride_type`, `start_date`, `start_time`, `end_date`, `end_time`, `ride_status`, `comment`) VALUES
(33, '8662445358863', 31.41289, 74.16359, 0.00000, 0.00000, 'intercity', '2020-05-31', '05:54:28', '2020-07-15', '03:38:48', 'I', NULL),
(34, '8662445358863', 31.41289, 74.16359, 0.00000, 0.00000, 'intercity', '2020-05-31', '06:19:09', '2020-07-15', '03:38:48', 'I', NULL),
(35, '8662445358863', 31.41170, 74.16714, 0.00000, 0.00000, 'intercity', '2020-05-31', '06:29:47', '2020-07-15', '03:38:48', 'I', NULL),
(36, '8662445358863', 31.41170, 74.16714, 0.00000, 0.00000, 'intercity', '2020-06-01', '06:45:41', '2020-07-15', '03:38:48', 'I', NULL),
(37, '123123123123', 31.41186, 74.16832, 0.00000, 0.00000, '', '2020-06-01', '06:52:36', '2020-08-11', '05:08:25', 'I', NULL),
(38, '123123123123', 31.41186, 74.16832, 0.00000, 0.00000, '', '2020-06-01', '07:21:48', '2020-08-11', '05:08:25', 'I', NULL),
(39, '8662445358863', 31.41170, 74.16714, 0.00000, 0.00000, 'intercity', '2020-06-01', '07:21:56', '2020-07-15', '03:38:48', 'I', NULL),
(40, '8662445358863', 31.41170, 74.16714, 0.00000, 0.00000, 'intercity', '2020-06-04', '07:28:15', '2020-07-15', '03:38:48', 'I', NULL),
(41, '123123123123', 31.41186, 74.16832, 0.00000, 0.00000, '', '2020-06-04', '07:28:32', '2020-08-11', '05:08:25', 'I', NULL),
(42, '8662445358863', 31.41170, 74.16714, 0.00000, 0.00000, 'intercity', '2020-06-06', '05:20:00', '2020-07-15', '03:38:48', 'I', NULL),
(43, '123123123123', 31.41186, 74.16832, 0.00000, 0.00000, '', '2020-06-06', '05:20:23', '2020-08-11', '05:08:25', 'I', NULL),
(44, '123123123123', 31.41186, 74.16832, 0.00000, 0.00000, '', '2020-06-06', '05:31:27', '2020-08-11', '05:08:25', 'I', NULL),
(45, '8662445358863', 31.41170, 74.16714, 0.00000, 0.00000, 'intercity', '2020-06-06', '05:31:53', '2020-07-15', '03:38:48', 'I', NULL),
(46, '8662445358863', 31.41170, 74.16714, 0.00000, 0.00000, 'intercity', '2020-06-06', '05:46:28', '2020-07-15', '03:38:48', 'I', NULL),
(47, '123123123123', 31.41186, 74.16832, 0.00000, 0.00000, '', '2020-06-06', '05:47:00', '2020-08-11', '05:08:25', 'I', NULL),
(48, '123123123123', 31.41186, 74.16832, 0.00000, 0.00000, '', '2020-06-06', '06:09:51', '2020-08-11', '05:08:25', 'I', NULL),
(49, '8662445358863', 31.41170, 74.16714, 0.00000, 0.00000, 'intercity', '2020-06-06', '06:10:08', '2020-07-15', '03:38:48', 'I', NULL),
(50, '8662445358863', 31.41170, 74.16714, 0.00000, 0.00000, 'intercity', '2020-06-06', '06:18:42', '2020-07-15', '03:38:48', 'I', NULL),
(51, '123123123123', 31.41186, 74.16832, 0.00000, 0.00000, '', '2020-06-06', '06:18:58', '2020-08-11', '05:08:25', 'I', NULL),
(52, '8662445358863', 31.41170, 74.16714, 0.00000, 0.00000, 'intercity', '2020-06-06', '06:51:40', '2020-07-15', '03:38:48', 'I', NULL),
(53, '123123123123', 31.41186, 74.16832, 0.00000, 0.00000, '', '2020-06-06', '06:51:48', '2020-08-11', '05:08:25', 'I', NULL),
(54, '123123123123', 31.41186, 74.16832, 0.00000, 0.00000, '', '2020-06-09', '07:01:07', '2020-08-11', '05:08:25', 'I', NULL),
(55, '8662445358863', 31.41170, 74.16714, 0.00000, 0.00000, 'intercity', '2020-06-09', '07:01:24', '2020-07-15', '03:38:48', 'I', NULL),
(56, '123123123123', 31.41186, 74.16832, 0.00000, 0.00000, '', '2020-06-10', '07:53:09', '2020-08-11', '05:08:25', 'I', NULL),
(57, '8662445358863', 31.41170, 74.16714, 0.00000, 0.00000, 'intercity', '2020-06-10', '07:53:17', '2020-07-15', '03:38:48', 'I', NULL),
(58, '8662445358863', 31.41170, 74.16714, 0.00000, 0.00000, 'intercity', '2020-06-12', '11:33:01', '2020-07-15', '03:38:48', 'I', NULL),
(59, '123123123123', 31.41186, 74.16832, 0.00000, 0.00000, '', '2020-06-12', '11:33:22', '2020-08-11', '05:08:25', 'I', NULL),
(60, '8662445358863', 31.41170, 74.16714, 0.00000, 0.00000, 'intercity', '2020-06-12', '11:42:37', '2020-07-15', '03:38:48', 'I', NULL),
(61, '123123123123', 31.41186, 74.16832, 0.00000, 0.00000, '', '2020-06-12', '11:42:59', '2020-08-11', '05:08:25', 'I', NULL),
(62, '8662445358863', 31.41170, 74.16714, 0.00000, 0.00000, 'intercity', '2020-06-12', '11:46:03', '2020-07-15', '03:38:48', 'I', NULL),
(63, '123123123123', 31.41186, 74.16832, 0.00000, 0.00000, '', '2020-06-12', '11:46:20', '2020-08-11', '05:08:25', 'I', NULL),
(64, '123123123123', 31.41186, 74.16832, 0.00000, 0.00000, '', '2020-06-12', '11:49:10', '2020-08-11', '05:08:25', 'I', NULL),
(65, '8662445358863', 31.41170, 74.16714, 0.00000, 0.00000, 'intercity', '2020-06-12', '11:49:25', '2020-07-15', '03:38:48', 'I', NULL),
(66, '8662445358863', 31.41170, 74.16714, 0.00000, 0.00000, 'intercity', '2020-06-12', '11:53:27', '2020-07-15', '03:38:48', 'I', NULL),
(67, '123123123123', 31.41186, 74.16832, 0.00000, 0.00000, '', '2020-06-12', '11:53:40', '2020-08-11', '05:08:25', 'I', NULL),
(68, '123123123123', 31.41186, 74.16832, 0.00000, 0.00000, '', '2020-06-12', '11:56:44', '2020-08-11', '05:08:25', 'I', NULL),
(69, '8662445358863', 31.41170, 74.16714, 0.00000, 0.00000, 'intercity', '2020-06-12', '11:56:51', '2020-07-15', '03:38:48', 'I', NULL),
(70, '123123123123', 31.45170, 74.29370, 0.00000, 0.00000, '', '2020-06-13', '02:14:21', '2020-08-11', '05:08:25', 'I', NULL),
(71, '8662445358863', 31.45370, 74.29900, 0.00000, 0.00000, 'intercity', '2020-06-13', '02:15:11', '2020-07-15', '03:38:48', 'I', NULL),
(72, '123123123123', 23.22322, 12.32230, 0.00000, 0.00000, 'hardcoded', '2020-06-13', '06:21:54', '2020-08-11', '05:08:25', 'I', NULL),
(73, '123123123123', 23.22322, 12.32230, 0.00000, 0.00000, 'hardcoded', '2020-07-05', '03:16:19', '2020-08-11', '05:08:25', 'I', NULL),
(74, '123123123123', 23.22322, 12.32230, 0.00000, 0.00000, 'hardcoded', '2020-07-05', '03:20:33', '2020-08-11', '05:08:25', 'I', NULL),
(75, '123123123123', 31.45332, 74.29475, 0.00000, 0.00000, 'hardcoded', '2020-07-05', '03:45:46', '2020-08-11', '05:08:25', 'I', NULL),
(76, '123123123123', 31.45334, 74.29471, 0.00000, 0.00000, 'hardcoded', '2020-07-05', '03:54:04', '2020-08-11', '05:08:25', 'I', NULL),
(77, '123123123123', 31.45333, 74.29471, 0.00000, 0.00000, 'hardcoded', '2020-07-05', '03:59:44', '2020-08-11', '05:08:25', 'I', NULL),
(78, '123123123123', 31.45333, 74.29472, 0.00000, 0.00000, 'hardcoded', '2020-07-05', '04:02:58', '2020-08-11', '05:08:25', 'I', NULL),
(79, '123123123123', 31.45334, 74.29470, 0.00000, 0.00000, 'hardcoded', '2020-07-05', '04:08:52', '2020-08-11', '05:08:25', 'I', NULL),
(80, '123123123123', 31.45334, 74.29471, 0.00000, 0.00000, 'hardcoded', '2020-07-05', '04:14:07', '2020-08-11', '05:08:25', 'I', NULL),
(81, '56585885658', 31.45335, 74.29470, 0.00000, 0.00000, 'hardcoded', '2020-07-07', '08:11:09', NULL, NULL, 'U', NULL),
(82, '846548744864', 31.45335, 74.29470, 0.00000, 0.00000, '', '2020-07-07', '11:03:01', NULL, NULL, 'U', NULL),
(83, '23164546644', 31.45334, 74.29472, 0.00000, 0.00000, '', '2020-07-07', '11:19:31', NULL, NULL, 'U', NULL),
(84, '546455464554', 31.45334, 74.29470, 0.00000, 0.00000, '', '2020-07-07', '11:34:42', NULL, NULL, 'U', NULL),
(85, '865532563555', 31.45334, 74.29471, 0.00000, 0.00000, '', '2020-07-07', '11:41:26', NULL, NULL, 'U', NULL),
(86, '865532563555', 31.45334, 74.29470, 0.00000, 0.00000, '3', '2020-07-07', '02:37:51', NULL, NULL, 'U', NULL),
(87, '865532563555', 31.45334, 74.29470, 0.00000, 0.00000, '1', '2020-07-07', '02:37:56', NULL, NULL, 'U', NULL),
(88, '865532563555', 31.45335, 74.29470, 0.00000, 0.00000, '2', '2020-07-07', '02:38:00', NULL, NULL, 'U', NULL),
(89, '865532563555', 31.45335, 74.29470, 0.00000, 0.00000, '3', '2020-07-07', '02:38:03', NULL, NULL, 'U', NULL),
(90, '865532563555', 31.45335, 74.29470, 0.00000, 0.00000, '3', '2020-07-07', '02:38:06', NULL, NULL, 'U', NULL),
(91, '865532563555', 31.45335, 74.29470, 0.00000, 0.00000, '1', '2020-07-07', '02:38:29', NULL, NULL, 'U', NULL),
(92, '865532563555', 31.45335, 74.29470, 0.00000, 0.00000, '1', '2020-07-07', '02:38:33', NULL, NULL, 'U', NULL),
(93, '865532563555', 31.45335, 74.29470, 0.00000, 0.00000, '1', '2020-07-07', '02:38:34', NULL, NULL, 'U', NULL),
(94, '865532563555', 31.45334, 74.29471, 0.00000, 0.00000, '', '2020-07-07', '02:55:14', NULL, NULL, 'U', NULL),
(95, '865532563555', 31.45334, 74.29470, 0.00000, 0.00000, '1', '2020-07-07', '02:55:23', NULL, NULL, 'U', NULL),
(96, '865532563555', 31.45334, 74.29470, 0.00000, 0.00000, '2', '2020-07-07', '02:55:28', NULL, NULL, 'U', NULL),
(97, '865532563555', 31.45334, 74.29470, 0.00000, 0.00000, '3', '2020-07-07', '02:55:33', NULL, NULL, 'U', NULL),
(98, '865532563555', 31.45334, 74.29470, 0.00000, 0.00000, '3', '2020-07-07', '02:55:40', NULL, NULL, 'U', NULL),
(99, '865532563555', 31.45334, 74.29470, 0.00000, 0.00000, '3', '2020-07-07', '02:55:58', NULL, NULL, 'U', NULL),
(100, '865532563555', 31.45335, 74.29470, 0.00000, 0.00000, '3', '2020-07-07', '02:56:15', NULL, NULL, 'U', NULL),
(101, '865532563555', 31.45335, 74.29470, 0.00000, 0.00000, '3', '2020-07-07', '02:56:21', NULL, NULL, 'U', NULL),
(102, '865532563555', 31.45335, 74.29470, 0.00000, 0.00000, '3', '2020-07-07', '02:56:26', NULL, NULL, 'U', NULL),
(103, '865532563555', 31.45335, 74.29470, 0.00000, 0.00000, '2', '2020-07-07', '02:56:44', NULL, NULL, 'U', NULL),
(104, '865532563555', 31.45335, 74.29470, 0.00000, 0.00000, '1', '2020-07-07', '02:56:47', NULL, NULL, 'U', NULL),
(105, '865532563555', 31.45334, 74.29470, 0.00000, 0.00000, '3', '2020-07-07', '02:56:50', NULL, NULL, 'U', NULL),
(106, '865532563555', 31.45335, 74.29470, 0.00000, 0.00000, '2', '2020-07-07', '02:59:43', NULL, NULL, 'U', NULL),
(107, '865532563555', 31.45335, 74.29470, 0.00000, 0.00000, '1', '2020-07-07', '02:59:48', NULL, NULL, 'U', NULL),
(108, '865532563555', 31.45334, 74.29470, 0.00000, 0.00000, '3', '2020-07-07', '02:59:53', NULL, NULL, 'U', NULL),
(109, '865532563555', 31.45335, 74.29469, 0.00000, 0.00000, '3', '2020-07-07', '03:00:44', NULL, NULL, 'U', NULL),
(110, '865532563555', 31.45335, 74.29469, 0.00000, 0.00000, '3', '2020-07-07', '03:00:50', NULL, NULL, 'U', NULL),
(111, '865532563555', 31.45334, 74.29470, 0.00000, 0.00000, '3', '2020-07-07', '03:02:17', NULL, NULL, 'U', NULL),
(112, '865532563555', 31.45334, 74.29470, 0.00000, 0.00000, '3', '2020-07-07', '03:02:23', NULL, NULL, 'U', NULL),
(113, '865532563555', 31.45334, 74.29470, 0.00000, 0.00000, '3', '2020-07-07', '03:02:24', NULL, NULL, 'U', NULL),
(114, '865532563555', 31.45334, 74.29470, 0.00000, 0.00000, '3', '2020-07-07', '03:02:24', NULL, NULL, 'U', NULL),
(115, '865532563555', 31.45334, 74.29470, 0.00000, 0.00000, '3', '2020-07-07', '03:02:24', NULL, NULL, 'U', NULL),
(116, '865532563555', 31.45334, 74.29470, 0.00000, 0.00000, '3', '2020-07-07', '03:02:24', NULL, NULL, 'U', NULL),
(117, '865532563555', 31.45334, 74.29470, 0.00000, 0.00000, '3', '2020-07-07', '03:02:24', NULL, NULL, 'U', NULL),
(118, '865532563555', 31.45334, 74.29470, 0.00000, 0.00000, '3', '2020-07-07', '03:02:24', NULL, NULL, 'U', NULL),
(119, '865532563555', 31.45334, 74.29470, 0.00000, 0.00000, '3', '2020-07-07', '03:02:24', NULL, NULL, 'U', NULL),
(120, '865532563555', 31.45334, 74.29470, 0.00000, 0.00000, '3', '2020-07-07', '03:02:24', NULL, NULL, 'U', NULL),
(121, '865532563555', 31.45334, 74.29470, 0.00000, 0.00000, '3', '2020-07-07', '03:02:25', NULL, NULL, 'U', NULL),
(122, '865532563555', 31.45334, 74.29470, 0.00000, 0.00000, '3', '2020-07-07', '03:02:25', NULL, NULL, 'U', NULL),
(123, '865532563555', 31.45334, 74.29470, 0.00000, 0.00000, '3', '2020-07-07', '03:02:25', NULL, NULL, 'U', NULL),
(124, '865532563555', 31.45334, 74.29470, 0.00000, 0.00000, '3', '2020-07-07', '03:02:25', NULL, NULL, 'U', NULL),
(125, '865532563555', 31.45334, 74.29470, 0.00000, 0.00000, '3', '2020-07-07', '03:02:25', NULL, NULL, 'U', NULL),
(126, '865532563555', 31.45334, 74.29470, 0.00000, 0.00000, '3', '2020-07-07', '03:02:26', NULL, NULL, 'U', NULL),
(127, '865532563555', 31.45334, 74.29470, 0.00000, 0.00000, '3', '2020-07-07', '03:02:26', NULL, NULL, 'U', NULL),
(128, '865532563555', 31.45334, 74.29470, 0.00000, 0.00000, '3', '2020-07-07', '03:02:26', NULL, NULL, 'U', NULL),
(129, '865532563555', 31.45334, 74.29470, 0.00000, 0.00000, '3', '2020-07-07', '03:02:26', NULL, NULL, 'U', NULL),
(130, '865532563555', 31.45334, 74.29470, 0.00000, 0.00000, '3', '2020-07-07', '03:02:26', NULL, NULL, 'U', NULL),
(131, '865532563555', 31.45334, 74.29470, 0.00000, 0.00000, '3', '2020-07-07', '03:02:26', NULL, NULL, 'U', NULL),
(132, '865532563555', 31.45334, 74.29470, 0.00000, 0.00000, '3', '2020-07-07', '03:02:27', NULL, NULL, 'U', NULL),
(133, '865532563555', 31.45334, 74.29470, 0.00000, 0.00000, '3', '2020-07-07', '03:02:27', NULL, NULL, 'U', NULL),
(134, '865532563555', 31.45334, 74.29470, 0.00000, 0.00000, '3', '2020-07-07', '03:02:27', NULL, NULL, 'U', NULL),
(135, '865532563555', 31.45334, 74.29470, 0.00000, 0.00000, '3', '2020-07-07', '03:02:27', NULL, NULL, 'U', NULL),
(136, '865532563555', 31.45334, 74.29470, 0.00000, 0.00000, '3', '2020-07-07', '03:02:27', NULL, NULL, 'U', NULL),
(137, '865532563555', 31.45334, 74.29470, 0.00000, 0.00000, '3', '2020-07-07', '03:02:27', NULL, NULL, 'U', NULL),
(138, '865532563555', 31.45334, 74.29470, 0.00000, 0.00000, '3', '2020-07-07', '03:02:27', NULL, NULL, 'U', NULL),
(139, '865532563555', 31.45334, 74.29470, 0.00000, 0.00000, '3', '2020-07-07', '03:02:28', NULL, NULL, 'U', NULL),
(140, '865532563555', 31.45334, 74.29470, 0.00000, 0.00000, '3', '2020-07-07', '03:02:28', NULL, NULL, 'U', NULL),
(141, '865532563555', 31.45334, 74.29470, 0.00000, 0.00000, '3', '2020-07-07', '03:02:28', NULL, NULL, 'U', NULL),
(142, '865532563555', 31.45334, 74.29470, 0.00000, 0.00000, '3', '2020-07-07', '03:02:29', NULL, NULL, 'U', NULL),
(143, '865532563555', 31.45334, 74.29470, 0.00000, 0.00000, '3', '2020-07-07', '03:02:29', NULL, NULL, 'U', NULL),
(144, '865532563555', 31.45334, 74.29470, 0.00000, 0.00000, '3', '2020-07-07', '03:02:29', NULL, NULL, 'U', NULL),
(145, '865532563555', 31.45334, 74.29470, 0.00000, 0.00000, '3', '2020-07-07', '03:02:29', NULL, NULL, 'U', NULL),
(146, '865532563555', 31.45335, 74.29470, 0.00000, 0.00000, '3', '2020-07-07', '03:02:29', NULL, NULL, 'U', NULL),
(147, '865532563555', 31.45334, 74.29470, 0.00000, 0.00000, '3', '2020-07-07', '03:02:29', NULL, NULL, 'U', NULL),
(148, '865532563555', 31.45334, 74.29470, 0.00000, 0.00000, '3', '2020-07-07', '03:02:29', NULL, NULL, 'U', NULL),
(149, '865532563555', 31.45334, 74.29470, 0.00000, 0.00000, '3', '2020-07-07', '03:02:29', NULL, NULL, 'U', NULL),
(150, '865532563555', 31.45335, 74.29470, 0.00000, 0.00000, '3', '2020-07-07', '03:02:30', NULL, NULL, 'U', NULL),
(151, '865532563555', 31.45335, 74.29470, 0.00000, 0.00000, '2', '2020-07-07', '03:05:15', NULL, NULL, 'U', NULL),
(152, '865532563555', 31.45335, 74.29470, 0.00000, 0.00000, '1', '2020-07-07', '03:05:19', NULL, NULL, 'U', NULL),
(153, '865532563555', 31.45334, 74.29470, 0.00000, 0.00000, '3', '2020-07-07', '03:05:20', NULL, NULL, 'U', NULL),
(154, '865532563555', 31.45334, 74.29470, 0.00000, 0.00000, '2', '2020-07-07', '03:05:24', NULL, NULL, 'U', NULL),
(155, '865532563555', 31.45334, 74.29470, 0.00000, 0.00000, '1', '2020-07-07', '03:05:32', NULL, NULL, 'U', NULL),
(156, '865532563555', 31.45335, 74.29470, 0.00000, 0.00000, '', '2020-07-07', '03:05:47', NULL, NULL, 'U', NULL),
(157, '865532563555', 31.45334, 74.29470, 0.00000, 0.00000, '2', '2020-07-07', '03:08:10', NULL, NULL, 'U', NULL),
(158, '865532563555', 31.45334, 74.29470, 0.00000, 0.00000, '1', '2020-07-07', '03:08:11', NULL, NULL, 'U', NULL),
(159, '865532563555', 31.45334, 74.29470, 0.00000, 0.00000, '2', '2020-07-07', '03:10:51', NULL, NULL, 'U', NULL),
(160, '865532563555', 31.45334, 74.29470, 0.00000, 0.00000, '2', '2020-07-07', '03:10:52', NULL, NULL, 'U', NULL),
(161, '865532563555', 31.45335, 74.29470, 0.00000, 0.00000, '2', '2020-07-07', '03:22:00', NULL, NULL, 'U', NULL),
(162, '865532563555', 31.45334, 74.29470, 0.00000, 0.00000, '2', '2020-07-07', '03:26:54', NULL, NULL, 'U', NULL),
(163, '865532563555', 31.45334, 74.29471, 0.00000, 0.00000, '1', '2020-07-07', '03:27:03', NULL, NULL, 'U', NULL),
(164, '865532563555', 31.45334, 74.29470, 0.00000, 0.00000, '2', '2020-07-07', '03:27:05', NULL, NULL, 'U', NULL),
(165, '865532563555', 31.45335, 74.29470, 0.00000, 0.00000, '2', '2020-07-07', '03:30:24', NULL, NULL, 'U', NULL),
(166, '123123123123', 23.22322, 12.32230, 0.00000, 0.00000, '', '2020-07-08', '11:46:06', '2020-08-11', '05:08:25', 'I', NULL),
(167, '123123123123', 23.22322, 12.32230, 0.00000, 0.00000, '', '2020-07-08', '11:47:32', '2020-08-11', '05:08:25', 'I', NULL),
(168, '123123123123', 31.45170, 74.29370, 0.00000, 0.00000, '', '2020-07-08', '11:48:40', '2020-08-11', '05:08:25', 'I', NULL),
(169, '123123123123', 31.45170, 74.29370, 0.00000, 0.00000, '', '2020-07-08', '12:23:28', '2020-08-11', '05:08:25', 'I', NULL),
(170, '546676467817', 31.45334, 74.29469, 0.00000, 0.00000, '2', '2020-07-08', '12:52:36', NULL, NULL, 'U', NULL),
(171, '546676467817', 31.45333, 74.29469, 0.00000, 0.00000, '3', '2020-07-08', '12:54:17', NULL, NULL, 'U', NULL),
(172, '865532563555', 31.45333, 74.29469, 0.00000, 0.00000, '2', '2020-07-08', '01:01:56', NULL, NULL, 'U', NULL),
(173, '865532563555', 31.45333, 74.29469, 0.00000, 0.00000, '1', '2020-07-08', '01:01:59', NULL, NULL, 'U', NULL),
(174, '865532563555', 31.45333, 74.29469, 0.00000, 0.00000, '3', '2020-07-08', '01:02:00', NULL, NULL, 'U', NULL),
(175, '865532563555', 31.45333, 74.29469, 0.00000, 0.00000, '2', '2020-07-08', '01:02:01', NULL, NULL, 'U', NULL),
(176, '123123123123', 31.45170, 74.29370, 0.00000, 0.00000, '', '2020-07-08', '01:03:58', '2020-08-11', '05:08:25', 'I', NULL),
(177, '865532563555', 31.45334, 74.29470, 0.00000, 0.00000, '1', '2020-07-08', '01:04:49', NULL, NULL, 'U', NULL),
(178, '865532563555', 31.45334, 74.29470, 0.00000, 0.00000, '3', '2020-07-08', '01:04:50', NULL, NULL, 'U', NULL),
(179, '865532563555', 31.45334, 74.29470, 0.00000, 0.00000, '2', '2020-07-08', '01:04:50', NULL, NULL, 'U', NULL),
(180, '865532563555', 31.45333, 74.29469, 0.00000, 0.00000, '1', '2020-07-08', '01:06:32', NULL, NULL, 'U', NULL),
(181, '865532563555', 31.45333, 74.29469, 0.00000, 0.00000, '2', '2020-07-08', '01:06:32', NULL, NULL, 'U', NULL),
(182, '865532563555', 31.45333, 74.29469, 0.00000, 0.00000, '3', '2020-07-08', '01:06:33', NULL, NULL, 'U', NULL),
(183, '865532563555', 31.45333, 74.29470, 0.00000, 0.00000, '2', '2020-07-08', '01:24:51', NULL, NULL, 'U', NULL),
(184, '865532563555', 31.45333, 74.29470, 0.00000, 0.00000, '2', '2020-07-08', '01:25:03', NULL, NULL, 'U', NULL),
(185, '865532563555', 31.45334, 74.29470, 0.00000, 0.00000, '1', '2020-07-08', '01:25:07', NULL, NULL, 'U', NULL),
(186, '865532563555', 31.45334, 74.29470, 0.00000, 0.00000, '3', '2020-07-08', '01:25:09', NULL, NULL, 'U', NULL),
(187, '865532563555', 31.45334, 74.29469, 0.00000, 0.00000, '2', '2020-07-08', '01:31:06', NULL, NULL, 'U', NULL),
(188, '123123123123', 31.45170, 74.29370, 0.00000, 0.00000, '', '2020-07-08', '01:38:59', '2020-08-11', '05:08:25', 'I', NULL),
(189, '865532563555', 31.45340, 74.29466, 0.00000, 0.00000, '2', '2020-07-08', '01:40:40', NULL, NULL, 'U', NULL),
(190, '865532563555', 31.45339, 74.29469, 0.00000, 0.00000, '2', '2020-07-08', '01:44:53', NULL, NULL, 'U', NULL),
(191, '123123123123', 31.45170, 74.29370, 0.00000, 0.00000, '', '2020-07-08', '01:48:09', '2020-08-11', '05:08:25', 'I', NULL),
(192, '865532563555', 31.45334, 74.29468, 0.00000, 0.00000, '2', '2020-07-08', '01:48:45', NULL, NULL, 'U', NULL),
(193, '123123123123', 31.45170, 74.29370, 0.00000, 0.00000, '', '2020-07-09', '02:28:41', '2020-08-11', '05:08:25', 'I', NULL),
(194, '546676467817', 31.45334, 74.29469, 0.00000, 0.00000, '2', '2020-07-09', '03:59:07', NULL, NULL, 'U', NULL),
(195, '123123123123', 31.45170, 74.29370, 0.00000, 0.00000, '', '2020-07-09', '04:05:29', '2020-08-11', '05:08:25', 'I', NULL),
(196, '000000000000', 31.45334, 74.29469, 0.00000, 0.00000, '2', '2020-07-09', '04:05:42', '2020-07-15', '03:38:04', 'I', NULL),
(197, '000000000000', 31.45336, 74.29472, 0.00000, 0.00000, '1', '2020-07-09', '04:12:05', '2020-07-15', '03:38:04', 'I', NULL),
(198, '000000000000', 31.45333, 74.29470, 0.00000, 0.00000, '2', '2020-07-09', '04:15:40', '2020-07-15', '03:38:04', 'I', NULL),
(199, '000000000000', 31.45334, 74.29470, 0.00000, 0.00000, '2', '2020-07-09', '04:22:32', '2020-07-15', '03:38:04', 'I', NULL),
(200, '000000000000', 31.45336, 74.29469, 0.00000, 0.00000, '3', '2020-07-09', '04:22:45', '2020-07-15', '03:38:04', 'I', NULL),
(201, '000000000000', 31.45332, 74.29470, 0.00000, 0.00000, '2', '2020-07-09', '04:23:02', '2020-07-15', '03:38:04', 'I', NULL),
(202, '000000000000', 31.45332, 74.29470, 0.00000, 0.00000, '1', '2020-07-09', '04:23:05', '2020-07-15', '03:38:04', 'I', NULL),
(203, '000000000000', 31.45332, 74.29470, 0.00000, 0.00000, '3', '2020-07-09', '04:23:06', '2020-07-15', '03:38:04', 'I', NULL),
(204, '000000000000', 31.45332, 74.29470, 0.00000, 0.00000, '2', '2020-07-09', '04:23:07', '2020-07-15', '03:38:04', 'I', NULL),
(205, '000000000000', 31.45332, 74.29470, 0.00000, 0.00000, '1', '2020-07-09', '04:23:07', '2020-07-15', '03:38:04', 'I', NULL),
(206, '000000000000', 31.45333, 74.29470, 0.00000, 0.00000, '2', '2020-07-09', '04:25:32', '2020-07-15', '03:38:04', 'I', NULL),
(207, '000000000000', 31.45333, 74.29470, 0.00000, 0.00000, '2', '2020-07-09', '04:25:38', '2020-07-15', '03:38:04', 'I', NULL),
(208, '000000000000', 31.45333, 74.29470, 0.00000, 0.00000, '1', '2020-07-09', '04:26:26', '2020-07-15', '03:38:04', 'I', NULL),
(209, '000000000000', 31.45333, 74.29470, 0.00000, 0.00000, '2', '2020-07-09', '04:26:27', '2020-07-15', '03:38:04', 'I', NULL),
(210, '000000000000', 31.45170, 74.29370, 0.00000, 0.00000, '', '2020-07-09', '04:26:54', '2020-07-15', '03:38:04', 'I', NULL),
(211, '000000000000', 31.45170, 74.29370, 0.00000, 0.00000, '', '2020-07-09', '04:35:52', '2020-07-15', '03:38:04', 'I', NULL),
(212, '000000000000', 31.45334, 74.29471, 0.00000, 0.00000, '2', '2020-07-09', '04:36:20', '2020-07-15', '03:38:04', 'I', NULL),
(213, '000000000000', 31.45333, 74.29470, 0.00000, 0.00000, '2', '2020-07-09', '04:39:25', '2020-07-15', '03:38:04', 'I', NULL),
(214, '000000000000', 31.45333, 74.29470, 0.00000, 0.00000, '2', '2020-07-09', '04:39:35', '2020-07-15', '03:38:04', 'I', NULL),
(215, '000000000000', 31.45333, 74.29470, 0.00000, 0.00000, '1', '2020-07-09', '04:39:41', '2020-07-15', '03:38:04', 'I', NULL),
(216, '000000000000', 31.45334, 74.29469, 0.00000, 0.00000, '2', '2020-07-09', '04:39:49', '2020-07-15', '03:38:04', 'I', NULL),
(217, '000000000000', 31.45333, 74.29470, 0.00000, 0.00000, '1', '2020-07-09', '04:41:19', '2020-07-15', '03:38:04', 'I', NULL),
(218, '000000000000', 31.45333, 74.29470, 0.00000, 0.00000, '2', '2020-07-09', '04:41:21', '2020-07-15', '03:38:04', 'I', NULL),
(219, '000000000000', 31.45333, 74.29470, 0.00000, 0.00000, '3', '2020-07-09', '04:41:21', '2020-07-15', '03:38:04', 'I', NULL),
(220, '000000000000', 31.45333, 74.29470, 0.00000, 0.00000, '2', '2020-07-09', '04:42:11', '2020-07-15', '03:38:04', 'I', NULL),
(221, '46484815485', 31.45332, 74.29470, 0.00000, 0.00000, '2', '2020-07-15', '03:40:38', NULL, NULL, 'U', NULL),
(222, '186462184634', 31.45334, 74.29459, 0.00000, 0.00000, '3', '2020-08-11', '04:09:19', NULL, NULL, 'U', NULL),
(223, '186462184634', 31.45347, 74.29462, 0.00000, 0.00000, '2', '2020-08-11', '04:10:03', NULL, NULL, 'U', NULL),
(224, '000000000000', 31.45170, 74.29370, 0.00000, 0.00000, '', '2020-08-11', '05:09:52', NULL, NULL, 'U', NULL),
(225, '000000000000', 31.45170, 74.29370, 0.00000, 0.00000, '', '2020-08-14', '12:59:32', NULL, NULL, 'U', NULL),
(226, '000000000000', 31.45170, 74.29370, 0.00000, 0.00000, '', '2020-08-14', '01:15:48', NULL, NULL, 'U', NULL),
(227, '000000000000', 31.45170, 74.29370, 0.00000, 0.00000, '', '2020-08-14', '02:00:45', NULL, NULL, 'U', NULL),
(228, '000000000000', 31.45170, 74.29370, 0.00000, 0.00000, '', '2020-08-14', '02:23:34', NULL, NULL, 'U', NULL),
(229, '000000000000', 31.45335, 74.29470, 0.00000, 0.00000, '2', '2020-08-14', '02:23:57', NULL, NULL, 'U', NULL),
(230, '000000000000', 31.45170, 74.29370, 0.00000, 0.00000, '', '2020-08-15', '02:21:08', NULL, NULL, 'U', NULL),
(231, '000000000000', 31.45170, 74.29370, 0.00000, 0.00000, '', '2020-08-15', '02:24:33', NULL, NULL, 'U', NULL);

-- --------------------------------------------------------

--
-- Table structure for table `users`
--

CREATE TABLE `users` (
  `mobile_no` varchar(15) COLLATE utf8_bin NOT NULL,
  `first_name` varchar(30) COLLATE utf8_bin NOT NULL,
  `last_name` varchar(30) COLLATE utf8_bin NOT NULL,
  `email_id` varchar(50) COLLATE utf8_bin NOT NULL,
  `group_code` varchar(10) COLLATE utf8_bin NOT NULL,
  `roles` varchar(25) COLLATE utf8_bin DEFAULT NULL
) ENGINE=InnoDB DEFAULT CHARSET=utf8 COLLATE=utf8_bin;

--
-- Dumping data for table `users`
--

INSERT INTO `users` (`mobile_no`, `first_name`, `last_name`, `email_id`, `group_code`, `roles`) VALUES
('000000000000', '12', '22', '12', '123123', 'Driver'),
('00001', 'Ali', 'Raza', 'abc@gmail.com', '1212', 'Driver'),
('0000111', 'Ali', 'Raza', 'abc@gmail.com', '1212', 'Driver'),
('00001111', 'Ali', 'Raza', 'abc@gmail.com', '1212', 'Driver'),
('0256464684', 'adad', 'kik', 'asdh@gmail.com', '69', 'Driver'),
('0256464687', 'adad', 'kik', 'lan', '564', NULL),
('03004056325', 'ali', 'raza', 'aliraza@gmail.com', '123123', 'Driver'),
('03017350429', 'ww', 'qq', 'ww@gmail.com', '123123', 'Driver'),
('03042525265', 'qari ', 'sahab', 'yeh to hoga', '25252', 'Driver'),
('03122543258', 'ali', 'sani', 'ahsha@yuj.com', '5466764', ''),
('0315122214545', 'Ali', 'ssssssss', 'ad@gmail.com', '1122', 'Driver'),
('03151222146', 'Ali', 'ssssssss', 'ad@gmail.com', '1122', 'Driver'),
('0321222222222', 'ammad', 'yousef', 'qwertyali786@gmail.com', '4886', ''),
('03214191755', 'Daoud', 'jahangiri', 'ahmad.qasim.550@gmail.com', '123123', 'Rider'),
('03214444555', 'Ali', 'Raza', 'ali@msn.com', '123', ''),
('032144445555', 'sani', 'sani', 'sani@gmail.com', '2358', ''),
('03214444555555', 'taygsa', 'gqyfa', 'gahs', '5454554', ''),
('03214580500', 'anas', 'ashfaq', 'adeemakram@outlook.com', '123123', 'Driver'),
('03224444555', 'asad', 'asad', 'asa@.com', '58554', ''),
('03312477889', 'Captain', 'Shazad', 'CaptainShazad@gmail.com', '1122', 'Rider'),
('03336244465', 'Daoud', 'jahangiri', 'ahmad.qasim.550@gmail.com', '123123', 'Rider'),
('03350474477', 'ufghc', 'vvghc', 'vngx', '8632', ''),
('03350477447', 'alibc', 'sdssd', 'sdsdsdsa', '212212', 'Driver'),
('090078601', 'Ali', 'Raza', 'sani@gmail.com', '5263', 'Driver'),
('0909090909090', 'assds', 'sdssd', 'sdsdsdsa', '212212', 'Driver'),
('123123123123', 'dr1', 'dr1', 'dr1.com', '123123', 'Rider'),
('1245164646741', 'thth', 'thth', 'thth', '25213', 'Driver'),
('12846467431', 't', 'r', 'e', '123123', 'Rider'),
('186462184634', 'qfayyq', 'gajah', '@yahoo.com', '123123', 'Driver'),
('186541000000', 'ty', 'ty', '@gmail.com', '123123', 'Driver'),
('212356285453', '5', '5', '@gmail.com', '123123', 'Rider'),
('21546347144', 'adeem', 'adeem', 'and.com', '123123', 'Rider'),
('23164546644', 'ywya', 'ghwha', 'gwuah', '123123', 'Rider'),
('236363632336', '1q', '1q', '1q', '123123', 'Driver'),
('25252525252525', 'rd', 'rd', 'rd', '123123', 'Driver'),
('25253636152', 't1', 't1', 't1@gh.com', '123123', 'Driver'),
('255856545668', 'driver1', 'driver1', 'as.com', '123123', 'Driver'),
('45454545454', 'asad', 'asad', 'asasssz.com', '94967', NULL),
('46484815485', 'adeem', 'adeem', 'adeem.com', '123123', 'Driver'),
('5161675167854', 'asd', 'asd', 'asd.com', '123123', 'Rider'),
('516675554447', 'fqya', 'tahha', 'twusu.com', '123123', 'Rider'),
('5436764376544', 't', '5', 'r', '123123', 'Rider'),
('546167864647', 't3', 't3', 'a.com', '123123', 'Driver'),
('546455464554', 't', 'e', 'w', '123123', 'Driver'),
('546676467817', 'finalT', 'finalT', 'finalT.com', '123123', 'Driver'),
('56585885658', '5', 't', '@gmail.com', '123123', 'Rider'),
('646766167664', 'gwhhshaha', 'yqhshwj', 'qhjahshajsde', '55858', NULL),
('816766457546', 't2', 't2', 't2', '123123', 'Driver'),
('8167976467884', 'rider ', 'rider', 'as.com', '123123', 'Rider'),
('846466637114', 'adeem', 'adeem', 'gahauauua@ja.com', '25252', 'Rider'),
('846548744864', 'qr', 'qr', 'qr@gmail.com', '123123', 'Driver'),
('846676167147', 'dr3', 'dr3', 'dr.com', '123123', 'Driver'),
('84667646617', 'gahah', 'faush', 'gayshs.com', '123123', 'Rider'),
('84678644464', 'fagsgg', 'gahshhs', 'gshhs', '123123', 'Rider'),
('84687844647', 'twhyssgwhhshs', 'gwhhshs', 'gwhshhs', '123123', 'Rider'),
('846976469784', 'tqyw', 'twuhwgqu', 'gah.com', '123123', 'Rider'),
('865532563555', '5t', '5t', '@gmail.com', '123123', 'Rider'),
('86585358869', 'final ', 'final', 'fi.com', '123123', 'Rider'),
('8662445358863', 'dr2', 'dr2', 'dr2.com', '123123', 'Driver'),
('8665565862544', 't', 't', 'y', '123123', 'Driver'),
('923224258543', 'Fahad', 'Ishaque', 'fishaq@i.com', '555', ''),
('923457845321', 'Ghulam', 'Sani', 'a@gmail.com', '1256', ''),
('92356987451', 'Adheem', 'Akram', 'aa@gmail.com', '5648', ''),
('99999999999', 'arif', 'ali', 'hsjjabd', '8464974', NULL);

-- --------------------------------------------------------

--
-- Table structure for table `user_groups`
--

CREATE TABLE `user_groups` (
  `mobile_no` varchar(15) COLLATE utf8_bin DEFAULT NULL,
  `group_code` varchar(10) COLLATE utf8_bin DEFAULT NULL
) ENGINE=InnoDB DEFAULT CHARSET=utf8 COLLATE=utf8_bin;

--
-- Dumping data for table `user_groups`
--

INSERT INTO `user_groups` (`mobile_no`, `group_code`) VALUES
('0923456963245', '2525'),
('0923456963245', '2525'),
('0900786575', '21535');

-- --------------------------------------------------------

--
-- Table structure for table `vehicle_details`
--

CREATE TABLE `vehicle_details` (
  `mobile_no` varchar(15) CHARACTER SET utf8 COLLATE utf8_bin NOT NULL,
  `car_type` varchar(30) CHARACTER SET utf8 COLLATE utf8_bin NOT NULL,
  `seat_available` varchar(50) CHARACTER SET utf8 COLLATE utf8_bin NOT NULL,
  `car_number` varchar(15) CHARACTER SET utf32 COLLATE utf32_bin NOT NULL,
  `source` varchar(50) CHARACTER SET utf8 COLLATE utf8_bin NOT NULL,
  `destination` varchar(50) CHARACTER SET utf8 COLLATE utf8_bin NOT NULL,
  `date` date NOT NULL,
  `time` time NOT NULL
) ENGINE=InnoDB DEFAULT CHARSET=latin1;

--
-- Dumping data for table `vehicle_details`
--

INSERT INTO `vehicle_details` (`mobile_no`, `car_type`, `seat_available`, `car_number`, `source`, `destination`, `date`, `time`) VALUES
('03004055134', 'honda 69', '5', '????', 'raj ghar', 'university of lahore', '2020-01-01', '23:59:59'),
('03350477447', 'Honda Ct', '3', '16553', '198.6843', '15.546846', '2020-01-00', '23:59:05'),
('03315254976', 'audiA6', '3', 'A225A', 'UMT', 'UCP', '2020-01-01', '23:59:59'),
('09009900000`', '56', '1', '56', '56', '56', '2020-05-01', '00:17:33'),
('09009900000`', '5', '1', '5', '5', '5', '2020-05-01', '00:19:06'),
('09009900000`', '5t', '1', '5t', '5t', '5t', '2020-05-01', '00:20:17'),
('09009900000`', '5t', '1', '5t', '5t', '5t', '2020-05-10', '22:15:43'),
('09009900000`', 'car t1', '1', 'cart1', 'lhr', 'lhr', '2020-05-15', '22:47:45'),
('09009900000`', 'cart2', '1', 'cart2', 'lhr', 'lhr', '2020-05-15', '22:52:09'),
('09009900000`', 'cart3', '2', 'cart3', 'lhr', 'lhr', '2020-05-15', '22:54:00'),
('09009900000`', 'civic', '2', '123', 'lhr', 'lhr', '2020-05-15', '23:12:39'),
('123123123123', 'gli', '1', '123', 'lhr', 'lhr', '2020-05-15', '23:27:22'),
('8662445358863', 'xli', '2', 't4', 'lhr', 'lhr', '2020-05-15', '23:33:00'),
('846676167147', 'lli', '3', '123', 'lhr', 'lhr', '2020-05-15', '23:35:08'),
('03017350429', 'ty', '1', '56', 'yu', 'yu', '2020-07-07', '19:54:09'),
('212356285453', '5', '1', '5', '56', '56', '2020-07-07', '19:57:50'),
('5436764376544', 't5', '1', 't5', 'yjw', 'yjw', '2020-07-07', '20:21:15'),
('12846467431', '5', '1', '5', '55', '55', '2020-07-07', '20:23:17'),
('8665565862544', '5', '1', '5', '5', '5', '2020-07-07', '20:26:33'),
('846548744864', 't', '1', '5', '56', '56', '2020-07-07', '23:03:14'),
('23164546644', '12', '1', '12', '123', '123', '2020-07-07', '23:19:40'),
('546455464554', '5t', '1', '5t', '5t', '5t', '2020-07-07', '23:34:48'),
('865532563555', '67', '1', 'yt', '5t', '5t', '2020-07-07', '23:41:38'),
('546676467817', '5t', '1', '5t', '5t', '5t', '2020-07-09', '00:52:24'),
('000000000000', '1', '1', '1', '1', '1', '2020-07-09', '16:04:29'),
('46484815485', 'gli', '3', '123lex', 'tt', 'tt', '2020-07-15', '15:33:52'),
('186462184634', 'yaris', '1', '123yh', 'lhr', 'lhr', '2020-08-11', '01:34:40'),
('03214580500', 'eci', '2', '1234', 'lhr', 'lhr', '2020-08-14', '00:52:02'),
('186541000000', 'gli', '2', '56', 'lhr', 'lhr', '2020-08-14', '02:21:33');

--
-- Indexes for dumped tables
--

--
-- Indexes for table `drivers`
--
ALTER TABLE `drivers`
  ADD PRIMARY KEY (`mobile_no`);

--
-- Indexes for table `inter_city_rides`
--
ALTER TABLE `inter_city_rides`
  ADD PRIMARY KEY (`sr_no`);

--
-- Indexes for table `organizations`
--
ALTER TABLE `organizations`
  ADD PRIMARY KEY (`group_code`);

--
-- Indexes for table `rides`
--
ALTER TABLE `rides`
  ADD PRIMARY KEY (`sr_no`),
  ADD KEY `driver_mobile_no` (`driver_mobile_no`);

--
-- Indexes for table `users`
--
ALTER TABLE `users`
  ADD PRIMARY KEY (`mobile_no`),
  ADD KEY `mobile_no` (`mobile_no`);

--
-- AUTO_INCREMENT for dumped tables
--

--
-- AUTO_INCREMENT for table `inter_city_rides`
--
ALTER TABLE `inter_city_rides`
  MODIFY `sr_no` int(11) NOT NULL AUTO_INCREMENT, AUTO_INCREMENT=2;

--
-- AUTO_INCREMENT for table `rides`
--
ALTER TABLE `rides`
  MODIFY `sr_no` bigint(20) NOT NULL AUTO_INCREMENT, AUTO_INCREMENT=232;
COMMIT;

/*!40101 SET CHARACTER_SET_CLIENT=@OLD_CHARACTER_SET_CLIENT */;
/*!40101 SET CHARACTER_SET_RESULTS=@OLD_CHARACTER_SET_RESULTS */;
/*!40101 SET COLLATION_CONNECTION=@OLD_COLLATION_CONNECTION */;
